name,wlist,whistory
MrDunne,7 Hours in the Snack Zone;67;,Ben and Adam Rank every Jet Lag season;67;
q,Me at the zoo|67|Sam Lures Ben Into Choo Choo Chew!;67;Film a Bird — Ben & Adam’s Full Attempt | Nebula Plus,Eat This Card|67|Sam Lures Ben Into Choo Choo Chew!|67|7 Hours in the Snack Zone|67|Yaoi Vs Yuri Rap Battle Animated Music Video|67|I Ate $100K Golden Ice Cream|67|72 Hr Game of Tag - Sam heads the wrong direction?|67|72 Hr Game of Tag - Adam's disguise|67|We Played a 72 Hour Game of Tag Across Europe;67;I Ate $100K Golden Ice Cream
accongt1,;67;,;67;
liuqi,;67;;67;,;67;;67;
sixswan,;67;;67;,;67;;67;
SteveLam,;67;,;67;
blahaj,;67;,;67;
nesa,;67;,;67;
ProvoloneCheese,;67;,;67;
takamura,;67;,;67;
duck,;67;,;67;